Symbol,Sector,Company_Name,Price,Price_Change_1d,Price_Change_3d,Price_Change_5d,Vol_Expansion,Turn_Expansion,Curr_Delivery,Avg_Delivery,Delivery_Change,RS_Score,Accumulation_Score,Market_Cap,Is_SME,Bucket,Dist_From_High,High_52w
HAPPYFORGE,,,1465.0,0.763462095023412,9.598268385933977,9.993240719737328,6.512587347642014,6.850329732679478,94.69,62.778,31.912,89.92,98.488,13826.4854528,False,BUCKET A,0.0,1465.0
INDUSINDBK,,IndusInd Bank Limited,947.4500122070312,0.9267656145972037,2.3164160050789686,3.2811944647262767,3.4312878301358567,3.501287081909288,67.41,46.39,21.019999999999996,57.81333333333334,93.672,73818.9312,False,BUCKET A,1.7779352905839305,964.5999755859376
CRAFTSMAN,,Craftsman Automation Limited,9806.5,3.2263157894736842,5.152262491957967,9.969161760583123,2.9059759457345313,3.0508275413721813,63.88,50.954,12.926000000000002,89.81333333333333,92.81575945734531,25648.3442688,False,BUCKET B,0.0,9806.5
PAGEIND,,Page Industries Limited,39975.0,-0.5102040816326531,2.329450915141431,3.4951456310679614,4.69183616606297,4.750006561135124,71.88,53.952,17.927999999999997,59.41333333333333,92.53066666666666,44587.6109312,False,Neutral / Other,17.992916375308702,48745.7890625
UCAL,,UCAL Limited,106.0500030517578,4.709719915040108,4.451890403629753,5.997001316327881,3.1168120136091666,3.3004085779484145,82.02,68.236,13.783999999999992,76.32,92.30399999999999,234.5149952,False,Neutral / Other,33.23469812592786,158.83999633789062
BLACKBUCK,,BlackBuck Limited,574.0499877929688,4.3063529133073395,3.9286708004307767,5.060388386431161,4.057064798674846,4.244141198814506,66.95,53.034000000000006,13.915999999999997,71.09333333333333,91.608,10452.164608,False,Neutral / Other,21.738242973010397,733.5
MADHUSUDAN,,,177.75,18.5,26.55749651992046,22.54394778369907,11.764705882352942,14.563330494178377,93.13,86.262,6.867999999999995,98.98666666666666,91.09333333333333,209.0445056,True,BUCKET B,0.0,177.75
PATINTLOG,,Patel Integrated Logistics Limited,14.850000381469728,3.9916012546026765,7.921512605065327,13.27231708893491,3.7923454417488056,4.030963467609448,84.19,76.342,7.847999999999999,94.45333333333333,91.06666666666666,103.3348352,False,Neutral / Other,16.382889034115706,17.759523391723633
ABCAPITAL,,Aditya Birla Capital Limited,375.8999938964844,1.4301100123264334,0.5617994039846432,4.9706750878477575,3.935220927985383,4.0167437589687225,64.87,52.952,11.918000000000006,70.61333333333333,90.20400000000001,98555.461632,False,BUCKET B,0.0,375.8999938964844
SUDARCOLOR,,Sudarshan Colorants India Limited,362.6499938964844,-1.9467384313131715,1.7822077802610963,1.6823216326036068,5.011009018927044,5.016737329990599,93.04,75.214,17.826000000000008,42.45333333333333,89.91866666666667,837.061376,False,Neutral / Other,39.59860440538809,600.4000244140625
MAHLIFE,,Mahindra Lifespace Developers Limited,352.3500061035156,0.6283056533999668,2.7858864208345686,7.27660009384306,3.694753095468449,3.80791720896081,65.93,57.488,8.442000000000007,82.34666666666666,89.64666666666668,7517.130752,False,Neutral / Other,16.445341260618385,421.7000122070313
INFINIUM,,,209.8000030517578,1.5488852147656031,4.926234685597588,9.814184611617302,4.375,4.625978058143462,97.14,90.38,6.760000000000005,89.44,89.58933333333334,347.425664,True,BUCKET B,1.8938522030237306,213.85000610351562
PNCINFRA,,PNC Infratech Limited,226.00999450683597,4.243345349310246,9.109778494153328,12.09701417534123,3.193873198263837,3.4461624567072198,58.78,52.95,5.829999999999998,93.22666666666667,89.53733333333332,5798.0416,False,Neutral / Other,29.078267822855945,318.6752319335937
RALLIS,,Rallis India Limited,229.77999877929688,0.5865856783267753,0.18311744324538887,0.4414890448806745,3.12670675187572,3.1399288817824353,79.21,56.962,22.24799999999999,29.599999999999998,89.44,4468.5062144,False,Neutral / Other,38.92556515966616,376.22943115234375
SCHAEFFLER,,Schaeffler India Limited,4329.89990234375,3.4376469742892977,4.009125686854432,6.760853970290535,4.233537514136851,4.444320299449278,57.81,49.251999999999995,8.558000000000007,80.10666666666667,89.38800000000002,67677.9196416,False,BUCKET B,0.5763512665040184,4355.0
EMAMILTD,,Emami Limited,413.5,3.2846243776712405,3.336250482854978,5.808601053246913,5.501968923044453,5.731420491528048,62.51,53.104,9.405999999999999,75.36,89.24133333333333,18049.2746752,False,Neutral / Other,32.697527382300365,614.3905029296875
AADHARHFC,,,515.0999755859375,5.889600711267508,6.206180533182989,8.751183832699883,7.796966357747931,8.30273212201999,69.63,63.367999999999995,6.2620000000000005,87.03999999999999,88.89733333333334,22527.2332288,False,BUCKET B,4.5846070425653105,539.8499755859375
SONUINFRA,,,46.20000076293945,5.000001733953303,5.841922446551854,7.192580971156462,5.689655172413793,6.027278217738691,100.0,93.0,7.0,82.02666666666667,88.63733333333333,78.6524032,True,BUCKET B,1.702126036299036,47.0
GVPTECH,,GVP Infotech Limited,6.840000152587891,3.4795766176664196,6.70827325135404,8.571427706417879,3.267853413779285,3.4561354120662418,79.55,73.638,5.911999999999992,86.56,88.592,112.777088,False,Neutral / Other,38.605123358825146,11.140995025634766
AKIKO,,,282.95001220703125,4.815706394571297,4.4867152739133065,9.670547367066376,4.027777777777778,4.362055797571065,98.28,93.604,4.676000000000002,89.33333333333333,88.184,82.6566784,True,BUCKET B,0.0,282.95001220703125
CANTABIL,,Cantabil Retail India Limited,227.19000244140625,-0.8985812687431843,3.1041507367498657,4.676561679529846,5.993519714813337,6.055306225501579,66.31,56.996,9.314,68.47999999999999,88.148,1900.1726976,False,Neutral / Other,26.75336875615672,310.1712646484375
ITCHOTELS,,,170.9199981689453,6.07583503348922,8.376127634719447,10.950986551762359,6.9955531974316685,7.55242590801674,58.39,55.126,3.264000000000003,91.57333333333332,87.57866666666668,35602.2288384,False,Neutral / Other,32.466874055635216,253.09060668945312
SIMPLEXINF,,Simplex Infrastructures Limited,274.8500061035156,-2.5354588285405586,-1.097512723985466,6.758591210511181,4.202736025122882,4.1466119872200995,63.17,59.205999999999996,3.9640000000000057,80.05333333333333,86.31733333333334,2173.935616,False,BUCKET A,13.921072154338477,319.29998779296875
RITCO,,Ritco Logistics Limited,274.6499938964844,6.185965736540261,8.066102888969436,9.096323295525075,11.257608675168461,12.082260599177104,51.43,49.410000000000004,2.019999999999996,87.83999999999999,86.18933333333334,781.9424768,False,Neutral / Other,11.645491875903758,310.8500061035156
ALLCARGO,,Allcargo Logistics Limited,8.670000076293945,-4.725277880772289,-4.304639351653073,-2.5842646302754533,10.980362210420578,10.484633368490663,75.35,54.44,20.909999999999997,7.786666666666667,86.168,1298.5739264,False,Neutral / Other,77.20220785015171,38.02999877929688
HPIL,,Hindprakash Industries Limited,129.94000244140625,2.3149625522883857,2.8331764907900845,2.3149625522883857,5.226344452008169,5.370986621741811,91.27,80.906,10.36399999999999,49.120000000000005,85.94399999999999,148.4448896,False,Neutral / Other,16.6570461232146,155.91000366210938
MANOMAY,,Manomay Tex India Limited,194.19000244140625,2.8058674725414097,6.609941777853788,0.4292520833857634,3.16236075922056,3.309557373812617,40.33,25.82,14.509999999999998,29.12,85.708,350.4883968,False,Neutral / Other,24.912997406324415,258.6199951171875
SBFC,,SBFC Finance Limited,95.4000015258789,3.752044254638399,2.206990860092887,5.309642766787953,4.939388905826554,5.118015555271801,59.7,55.098,4.602000000000004,72.10666666666667,85.55066666666667,10556.9378304,False,Neutral / Other,19.84540059098002,119.0199966430664
BHARTIARTL,,Bharti Airtel Limited,1910.800048828125,1.9202047718369968,3.119268690130869,4.844995820473251,2.735864550640513,2.8199600176137056,77.05,64.762,12.287999999999997,69.92,85.54483238443626,1163958.4718848,False,BUCKET A,11.647473437415865,2162.699951171875
SPLPETRO,Specialty Chemicals,Supreme Petrochem Limited,750.25,3.9559356117592426,6.645344705046198,6.858001152026662,5.603279430113888,5.936730567662414,54.63,52.40599999999999,2.224000000000011,80.58666666666666,85.23733333333334,14107.8020096,False,Neutral / Other,14.411871340016797,876.5818481445312
AMBER,,Amber Enterprises India Limited,7889.0,-0.9603916891595004,1.005057294667435,6.320754716981132,3.9718710372467014,4.05836768075864,28.15,25.607999999999997,2.5420000000000016,78.13333333333333,85.08133333333333,27822.7419136,False,BUCKET A,10.783149561775517,8842.5
TTKHLTCARE,,TTK Healthcare Limited,929.4000244140624,5.213114858307353,5.499745903362896,4.303915284941802,3.6644055367128057,3.833860195525642,56.12,51.010000000000005,5.109999999999992,65.49333333333334,84.89733333333332,1313.2731392,False,Neutral / Other,31.498291471175634,1356.7545166015625
SHRIRAMPPS,,Shriram Properties Limited,91.80999755859376,3.8104873633627747,4.5076825876544655,6.793062992866705,3.6819116988901506,3.8452089565810526,46.36,44.754000000000005,1.6059999999999945,80.26666666666667,84.77733333333333,1566.7779584,False,Neutral / Other,11.380309931638106,103.5999984741211
CBAZAAR,,,4.5,4.651158148692013,8.433732447940587,8.433732447940587,6.25,6.578947221656772,100.0,100.0,0.0,86.34666666666668,84.61866666666667,33.3610912,True,BUCKET B,0.0,4.5
PROTEAN,,Protean eGov Technologies Limited,606.4500122070312,-2.8980827699475413,-4.4433957491874,-1.773568476519458,2.951513242159375,2.8624602621101425,69.22,47.666,21.554000000000002,11.306666666666667,84.56065556691546,2463.4722304,False,Neutral / Other,35.63981245265408,942.2750854492188
UPL,,UPL Limited,608.6500244140625,-0.3519913919243532,-1.0888033538142734,-0.23765796261218877,3.643161421878976,3.6142275426014296,75.35,61.117999999999995,14.232,21.813333333333336,84.42666666666668,51448.2208768,False,Neutral / Other,24.424158084659368,805.3499755859375
AHLADA,,Ahlada Engineers Limited,40.540000915527344,1.5785544237632607,-1.3145104465869977,1.527674945378083,3.964444771614708,3.9846483200148337,77.76,68.292,9.468000000000004,40.69333333333333,84.08266666666667,52.3817344,False,Neutral / Other,44.08233368214839,72.49945068359375
ARTNIRMAN,,Art Nirman Limited,40.18000030517578,1.1835840633068768,-1.3503541449594343,0.2745211160203006,2.823094570481774,2.852700855816872,95.14,77.646,17.494,27.626666666666665,83.93668930795354,100.2732096,False,Neutral / Other,40.66745484214184,67.72000122070312
INNOVANA,,,316.0,-1.1882388799304069,-4.169825625473845,-1.8785865618035704,10.05027511661034,9.88726333423096,95.31,79.75399999999999,15.556000000000012,11.04,83.69333333333336,652.8560128,False,Neutral / Other,48.28150572831424,611.0
DMART,,Avenue Supermarts Limited,4286.89990234375,-0.4597555453314591,2.0374670134405486,7.344245731054312,2.4202997763492697,2.464388240678036,73.13,56.016,17.113999999999997,82.77333333333333,83.26765665162912,279611.31008,False,BUCKET A,11.231439841802247,4829.2998046875
ROSSARI,,Rossari Biotech Limited,560.9000244140625,5.096498329567193,9.230773985211782,11.300726426738363,8.923276549569218,9.630535454215574,42.82,46.594,-3.774000000000001,92.26666666666667,82.99066666666667,3106.9159424,False,Neutral / Other,24.53921248142279,743.2999877929688
SASKEN,,Sasken Technologies Limited,2586.10009765625,-2.333917707115696,18.173104234128683,21.951333517077753,3.561310242430862,3.8950308241083715,37.26,42.962,-5.702000000000005,98.82666666666667,82.68933333333334,3927.3734144,False,BUCKET C,2.333917707115696,2647.89990234375
ZOTA,,Zota Health Care Limited,1307.5999755859375,2.605143639034338,7.145194151707869,6.725434843124896,3.0405610685486084,3.189052755514609,57.46,58.931999999999995,-1.4719999999999942,79.89333333333335,82.66933333333334,3966.298112,False,Neutral / Other,22.489628003204654,1687.0
GUJRAFFIA,,Gujarat Raffia Industries Limited,42.59999847412109,4.616888990813981,4.951954456706364,4.131015969231013,3.464537564415514,3.6106631968496767,82.88,81.196,1.6839999999999975,64.37333333333333,82.44533333333334,0.0,False,Neutral / Other,50.56857934176333,86.18000030517578
CREATIVEYE,,Creative Eye Limited,6.639999866485596,0.3021145207289472,-0.7473870001076982,1.5290505384687287,3.919145370758274,3.94295925262286,97.84,90.89,6.950000000000003,40.74666666666666,82.41199999999999,13.3186776,False,Neutral / Other,38.347264770085694,10.770000457763672
NRAIL,,N R Agarwal Industries Limited,462.6000061035156,4.49514193534243,3.943381371063164,3.15531129698171,5.255606334360719,5.466851550542819,78.22,74.862,3.358000000000004,56.69333333333333,82.40933333333334,787.3035776,False,Neutral / Other,8.65830882547008,506.4500122070313
SPECIALITY,,Speciality Restaurants Limited,118.41000366210938,8.136989645761988,8.982974688597471,11.823594621424526,5.398108061523487,5.912443963738186,71.39,76.188,-4.798000000000002,92.90666666666667,82.404,571.1584256,False,Neutral / Other,20.111993869306446,148.22000122070312
21STCENMGM,,Twentyfirst Century Management Services Limited,33.5099983215332,0.26930029179810366,4.29504266275121,6.855859914977029,3.5172386080527205,3.6445499351964794,84.09,86.296,-2.206000000000003,80.53333333333333,82.276,35.1854976,False,Neutral / Other,49.51032554649258,66.37000274658203
SHALPAINTS,,Shalimar Paints Limited,54.209999084472656,5.0174355020919865,2.051958159836537,4.571757185395096,7.737817021896706,8.042577450897005,73.79,73.39000000000001,0.3999999999999915,67.57333333333332,82.06933333333333,453.7982976,False,Neutral / Other,45.84956672264045,100.11000061035156
PUNJABCHEM,Specialty Chemicals,Punjab Chemicals and Crop Protection Limited,1042.800048828125,2.5873141985366455,1.6572430484304241,3.740552742188948,7.690951316015826,7.834888962951336,66.28,64.80199999999999,1.4780000000000086,61.44,81.86800000000001,1278.7007488,False,Neutral / Other,32.59211061227376,1547.0
AGARWALEYE,,,466.6499938964844,4.912321650891234,6.431743848632246,6.1171106075007105,4.981390583765068,5.273787165390119,50.54,53.218,-2.6780000000000044,77.17333333333333,81.45733333333332,14792.0125952,False,Neutral / Other,14.485984339790772,545.7000122070312
VHL,,Vardhman Holdings Limited,3674.300048828125,1.93363894145136,6.3288559147861925,8.341692358039717,2.4496904024767803,2.561613871027443,85.7,74.512,11.188000000000002,86.02666666666666,81.26560381043043,1172.6660608,False,BUCKET A,14.476169033575271,4296.2294921875
GOODLUCK,,Goodluck India Limited,1423.4000244140625,5.063476019599727,8.350466416956968,8.391720784321308,6.919175661939106,7.403753525269925,43.57,48.948,-5.378,86.13333333333333,81.00133333333333,4731.1691776,False,BUCKET B,0.9739807821213109,1437.4000244140625
USHAMART,,Usha Martin Limited,476.0499877929688,-3.0052975482594966,-4.637424649032576,-2.147998398156463,9.174514922980912,8.842497643554077,62.7,50.982,11.718000000000004,9.973333333333333,80.97466666666666,14490.9746176,False,BUCKET A,8.416698927939402,519.7999877929688
JISLJALEQS,EMS,Jain Irrigation Systems Limited,34.869998931884766,5.125115636970525,7.856470637098065,12.411342415559243,3.3553338744233767,3.6160716105367783,40.82,48.146,-7.3260000000000005,93.38666666666666,80.79066666666667,2557.750272,False,Neutral / Other,45.490076181834574,63.970001220703125
ICICIGI,,ICICI Lombard General Insurance Company Limited,1870.0999755859373,1.6911351596485737,4.849742161023708,10.28483985586818,2.443839197071486,2.585874051682601,71.49,62.42999999999999,9.060000000000002,90.50666666666667,80.75154725757274,93350.199296,False,BUCKET A,8.737168131154723,2049.136474609375
BDL,Defense & Aerospace,Bharat Dynamics Limited,1373.4000244140625,4.695835744248281,11.053616773628312,14.43093486823383,2.8572475861256637,3.07796384510354,26.43,32.156,-5.725999999999999,95.36,80.72580919458997,50343.6935168,False,Neutral / Other,30.5436935314889,1977.3582763671875
VGUARD,,V-Guard Industries Limited,311.25,0.25768650717116365,1.7988552739165986,4.044795704626563,2.943813170637353,2.999456109596701,52.11,52.227999999999994,-0.117999999999995,63.89333333333334,80.60360502153395,13595.5185664,False,Neutral / Other,22.955435722355112,403.9869689941406
BAJAJHFL,,,88.36000061035156,2.8997295727565855,2.8637939939169126,4.456796826662385,4.448500014406213,4.57799973102347,50.2,52.30800000000001,-2.108000000000004,66.72,80.26933333333334,73592.0586752,False,Neutral / Other,28.372243698791806,123.36000061035156
DCXINDIA,EMS,DCX Systems Limited,204.32000732421875,5.684583556135224,8.548059268922175,10.886797685559774,4.281342242195612,4.6122981012407465,28.92,36.712,-7.792000000000002,91.52,80.2,2275.8475776,False,Neutral / Other,31.18221235280459,296.8999938964844
PSPPROJECT,,PSP Projects Limited,969.0999755859376,6.360088856842361,6.752587422037819,5.658521880524295,5.141477553354649,5.446457673819004,36.71,40.788,-4.077999999999996,74.02666666666666,80.05199999999999,3841.6859136,False,BUCKET B,3.3461375366475505,1002.6500244140624
HYBRIDFIN,,Hybrid Financial Services Limited,25.690000534057617,13.221683249839547,57.80097942582481,57.89797056704407,8.251877861084875,9.547166469950836,27.8,49.29,-21.49,100.0,80.0,75.621792,False,Neutral / Other,23.587146489485583,33.619998931884766
SAMHI,,SAMHI Hotels Limited,175.80999755859375,2.453374886559444,3.1869893885236147,7.535623984026851,2.91089906990469,3.04059186511279,41.84,46.926,-5.0859999999999985,83.89333333333333,79.9689906990469,3905.3508608,False,Neutral / Other,29.38506780070086,248.97000122070312
NIACL,,The New India Assurance Company Limited,202.30999755859372,13.231096228755257,25.068004716113013,32.401828218593316,6.496655698579176,7.402204936754322,4.43,19.651999999999997,-15.221999999999998,99.78666666666666,79.968,33340.686336,False,BUCKET B,0.09923327414500674,202.51095581054688
AIAENG,Industrial Manufacturing / Capital Goods,AIA Engineering Limited,4687.0,3.3995918942876298,4.354991804541383,8.152382231462225,3.3170089748015186,3.47876120729606,46.2,53.04,-6.839999999999996,85.70666666666666,79.96266666666666,43739.2572416,False,BUCKET B,0.0,4687.0
WABAG,,VA Tech Wabag Limited,1983.5999755859373,8.881321902581476,13.070735927470615,25.71935062742652,2.7707739950191774,3.152765108175506,30.13,36.588,-6.458000000000002,99.25333333333334,79.9570732835251,12360.9350144,False,BUCKET B,0.0,1983.5999755859373
GANESHHOU,,Ganesh Housing Limited,769.0,0.32615786040443573,0.18238984609057726,0.819403474270731,3.528010886822409,3.5429869907734446,56.91,52.064,4.8459999999999965,33.653333333333336,79.94533333333334,6412.4669952,False,Neutral / Other,25.018374500347495,1025.5845947265625
NELCO,,Nelco Limited,940.3499755859376,7.850665128479048,29.596197247193246,30.14324150198101,7.224431211203661,7.908362098777738,7.91,27.721999999999998,-19.811999999999998,99.62666666666667,79.944,2145.7281024,False,Neutral / Other,16.283391266500345,1123.2537841796875
PANAMAPET,Specialty Chemicals,Panama Petrochem Limited,483.25,18.37109614206981,25.65002400700238,28.098078197481772,21.649701379808423,26.17876385835126,9.09,31.860000000000003,-22.770000000000003,99.46666666666667,79.92,2923.3532928,False,BUCKET B,0.0,483.25
ESAFSFB,,ESAF Small Finance Bank,36.33000183105469,13.460341385616687,17.117992569087892,27.563210726800296,3.997042413615132,4.690426091877515,18.7,30.104000000000003,-11.404000000000003,99.30666666666667,79.896,1874.4530944,False,BUCKET B,0.0,36.33000183105469
CAPLIPOINT,,Caplin Point Laboratories Limited,2503.5,6.107489345621559,5.286397030474659,3.9745804980132013,3.3684533842628475,3.5440710556281596,36.15,38.108,-1.9579999999999984,63.519999999999996,79.88933333333333,19029.5277568,False,BUCKET B,0.0,2503.5
RELTD,Power Equipment,Ravindra Energy Limited,170.75,18.609330395059104,19.807742689630224,25.551470588235293,15.92129015192587,18.85724121590198,15.17,43.378,-28.208,99.2,79.88,3116.6615552,False,BUCKET B,6.510074150998016,182.63999938964844
RML,,Rane (Madras) Limited,1121.1500244140625,13.620473718172029,14.45562129403256,21.50753328076297,35.05920740748212,40.36205053216729,7.98,42.760000000000005,-34.78,98.61333333333333,79.792,3098.5375744,False,BUCKET B,0.0,1121.1500244140625
MAL,,,35.0,-0.7092198581560284,9.375,20.481930875057433,6.018518518518518,6.387758103986317,78.46,92.274,-13.814000000000007,98.4,79.76,101.8294528,True,BUCKET C,5.020348848644607,36.849998474121094
ELGIEQUIP,,Elgi Equipments Limited,612.75,1.7857142857142856,1.9042096190717968,1.4738800652308521,2.666531978359772,2.708268508209922,71.21,57.774,13.435999999999993,39.733333333333334,79.74854188211678,19316.4214272,False,BUCKET B,1.5108935216896264,622.1500244140625
VENUSPIPES,,Venus Pipes and Tubes Limited,1546.0999755859375,4.297082442173679,7.15968417395848,9.319092286464999,13.383445586517459,14.232552122415425,42.31,50.08,-7.769999999999996,88.37333333333333,79.74266666666668,3202.9177856,False,BUCKET B,5.417778034663779,1634.662353515625
AKSHARCHEM,Specialty Chemicals,AksharChem (India) Limited,248.3699951171875,12.92111778279906,16.951547218398204,19.997101287089,24.886529154724425,28.91727553215995,33.18,54.8,-21.619999999999997,98.18666666666667,79.728,199.51808,False,Neutral / Other,20.569329776746454,312.6877746582031
MACPOWER,Power Equipment,Macpower CNC Machines Limited,1182.050048828125,12.356826573489215,18.092815266746403,18.781090270696428,12.11050630424482,14.014376698060204,27.48,54.136,-26.656000000000002,97.92,79.688,1182.541824,False,BUCKET B,4.295192924171612,1235.0999755859375
CARBORUNIV,,Carborundum Universal Limited,1241.699951171875,4.151988091539837,16.536832583000937,17.909028578317248,3.3783915961711406,3.6263243864436783,17.58,32.589999999999996,-15.009999999999998,97.70666666666666,79.656,23653.5775232,False,BUCKET B,0.0,1241.699951171875
NACLIND,,NACL Industries Limited,193.8000030517578,15.597977994213219,12.569701980327718,17.625643064534696,16.14790461476693,18.601218576454116,18.93,50.592,-31.662,97.6,79.64,4539.635712,False,Neutral / Other,40.055672635576684,323.29998779296875
SBC,,SBC Exports Limited,43.59000015258789,9.302906181311178,16.988733537855445,17.24045130392261,3.3622563158563348,3.83490634467203,22.61,36.989999999999995,-14.379999999999995,97.33333333333334,79.6,2075.7123072,False,BUCKET B,0.0,43.59000015258789
INDOAMIN,,Indo Amines Limited,143.5500030517578,7.335125733260998,9.080544372347829,9.655487767209468,10.304962733678165,11.182245998174984,37.51,45.757999999999996,-8.247999999999998,89.28,79.56,1041.9944448,False,Neutral / Other,15.555752032073345,169.9938201904297
RANEHOLDIN,,Rane Holdings Limited,1688.300048828125,2.0552498940010886,10.259933559690646,16.434486126077587,5.17311884352515,5.546995264287553,25.44,40.31,-14.870000000000001,96.58666666666666,79.488,2410.522624,False,BUCKET B,0.18917831344221106,1691.5
CNL,,Creative Newtech Limited,753.25,5.041141492791791,6.443859819505341,6.8363964316789305,3.5631488459303546,3.7531224604627558,50.07,56.486000000000004,-6.416000000000004,80.32000000000001,79.43733333333333,1131.1310848,False,BUCKET B,3.441863405491114,780.0999755859375
GARFIBRES,,Garware Technical Fibres Limited,796.4000244140625,14.16285153180224,17.126260771589568,15.011915715867138,127.53718405914049,147.5638254783565,5.96,45.292,-39.332,95.84,79.376,7776.714752,False,Neutral / Other,16.114038770250307,949.3841552734376
THELEELA,,Leela Palaces Hotels & Resorts Limited,494.2000122070313,7.998252975380477,7.92749919074101,14.983719460942254,4.3379222176788,4.706605128137036,26.29,48.532,-22.241999999999997,95.73333333333333,79.36,16504.1995776,False,BUCKET B,0.0,494.2000122070313
INDSWFTLAB,,Ind-Swift Laboratories Limited,187.3800048828125,11.086087869931573,15.211513518204484,14.935905223479534,5.766009239982322,6.552872608507109,33.09,45.744,-12.653999999999996,95.62666666666667,79.344,1629.4857728,False,BUCKET B,0.0,187.3800048828125
KMEW,Industrial Manufacturing / Capital Goods,Knowledge Marine & Engineering Works Limited,2072.89990234375,0.905410751766047,4.244400419600201,7.81753503934207,3.714488392089424,3.80527879735526,36.14,43.644,-7.503999999999998,84.53333333333333,79.344,5067.0190592,False,Neutral / Other,6.190887987103205,2209.699951171875
MANYAVAR,,Vedant Fashions Limited,412.5,-1.5748045830105422,-0.32620661679486607,1.251842459480124,3.0523224428957016,3.044875114008112,54.38,51.355999999999995,3.024000000000008,37.44,79.29866666666668,10022.8112384,False,Neutral / Other,49.61936845451166,818.7670288085938
HATHWAY,,Hathway Cable and Datacom Limited,12.18000030517578,4.999999177866965,9.139789173027612,14.044943418897326,6.775970298195274,7.287766990647416,17.55,32.186,-14.636,95.14666666666668,79.272,2155.9873536,False,Neutral / Other,27.240140551314923,16.739999771118164
IRIS,,IRIS RegTech Solutions Limited,270.8999938964844,12.616915593302371,17.96211674126739,13.58490310125131,19.85985638174658,22.917517152851154,34.54,64.36,-29.82,94.93333333333334,79.24,557.1938304,False,Neutral / Other,34.382950250323965,412.8500061035156
TARIL,,,357.54998779296875,10.066178567050128,10.576768530662875,13.47190760621807,17.339417533858743,19.22956502189065,16.08,36.321999999999996,-20.241999999999997,94.66666666666667,79.2,10732.4284928,False,Neutral / Other,36.02612771974457,558.9000244140625
SWSOLAR,Power Equipment,Sterling and Wilson Renewable Energy Limited,235.47000122070312,6.0054904986511435,9.945372010021485,13.081691423941916,4.607382297735088,5.067764629275112,27.33,40.22,-12.89,94.13333333333334,79.12,5502.052352,False,Neutral / Other,30.034167356572816,336.54998779296875
DECCANCE,,Deccan Cements Limited,569.0999755859375,-1.4801434201959422,-1.4545496820887447,-1.73531009314777,8.468946689921893,8.342981282888262,78.24,69.70599999999999,8.534000000000006,11.466666666666667,79.07600000000001,797.1667968,False,Neutral / Other,50.07019203315068,1139.800048828125
PARACABLES,,Paramount Communications Limited,73.05999755859375,4.640501114195383,9.485979144645789,13.942598922437307,2.4080789735582404,2.6095654050618053,46.18,40.788,5.392000000000003,95.09333333333333,78.9209079296574,2229.8628096,False,BUCKET B,0.0,73.05999755859375
GNA,,G N A Axles Limited,413.1499938964844,0.07266265920643654,7.731419529722132,11.286193642150673,4.599210662841495,4.62755549204592,23.41,39.29,-15.879999999999999,92.16,78.824,1773.6859648,False,BUCKET C,9.634736906043653,457.2000122070313
RETAIL,,JHS Svendgaard Retail Ventures Limited,19.030000686645508,7.879826219340775,6.4317761736941845,5.839828538052243,4.621737855537093,4.932097460511397,73.49,79.774,-6.284000000000006,75.52,78.80533333333332,15.6133536,False,Neutral / Other,55.82636982868574,43.08000183105469
SUNDRMBRAK,,Sundaram Brake Linings Limited,808.9500122070312,6.105716986137879,10.70133591611786,11.142411120616744,7.179255762288253,7.771736064219334,52.76,70.838,-18.077999999999996,91.84,78.776,318.2874368,False,Neutral / Other,18.718913618987063,995.25
EIEL,,,205.8699951171875,5.704457241582834,6.156862214380605,10.957207376688066,6.533287473221259,6.990748738335545,24.32,34.614,-10.293999999999997,91.62666666666667,78.744,3613.6361984,False,Neutral / Other,27.85857005301249,285.3699951171875
LAMBODHARA,,Lambodhara Textiles Limited,114.12999725341795,5.130803076720649,7.416468003216899,10.676875691996468,40.90685290733457,43.83288272620854,26.09,57.124,-31.034000000000002,91.14666666666666,78.672,118.439552,False,Neutral / Other,25.003283778195883,152.17999267578125
SHREERAMA,,Shree Rama Multi-Tech Limited,46.060001373291016,0.06518052311491244,6.74391597800259,10.402684625124627,3.657183006011609,3.858572989444245,27.57,50.5,-22.93,90.72,78.608,614.7536384,False,BUCKET C,33.46815088854395,69.2300033569336
ARIHANTSUP,,Arihant Superstructures Limited,270.79998779296875,1.1013558417889486,1.785378770134089,5.451713654786756,2.380396495893943,2.42814626908905,72.18,58.694,13.486000000000004,73.22666666666666,78.58305352134136,1171.209728,False,Neutral / Other,39.30570851264966,446.1704406738281
TIMKEN,,Timken India Limited,3689.39990234375,3.2317637078826844,1.5161063416707123,4.5096581885971485,2.7389724471290946,2.8059515168380247,56.57,54.028,2.5420000000000016,67.14666666666666,78.49447600668057,27751.1995392,False,BUCKET B,1.621248189956538,3750.199951171875
SOLARINDS,Power Equipment,Solar Industries India Limited,18052.0,1.6212564737671697,6.822888928338955,5.302455812868226,2.6693920832956635,2.7829041122639384,43.22,40.368,2.8519999999999968,72.05333333333334,78.4647701801239,163352.6480896,False,BUCKET B,3.2220018227630947,18653.0
VINDHYATEL,,Vindhya Telelinks Limited,2374.10009765625,8.928657841534756,9.912041558159721,13.713001347462573,2.5219721527727894,2.7670262368485012,36.23,36.224000000000004,0.005999999999993122,95.04,78.35070303657658,2813.5135232,False,BUCKET B,0.0,2374.10009765625
WEIZMANIND,,Weizmann Limited,88.58000183105469,5.402190464146612,2.535018470747511,9.128993260153054,3.7721923403566953,3.9525864870763168,39.63,64.108,-24.478,87.94666666666666,78.192,137.244544,False,Neutral / Other,29.56686840293643,125.76467895507812
POONAWALLA,,Poonawalla Fincorp Limited,426.7000122070313,5.488260125347665,5.762795711124978,8.879821090208779,6.514119067895198,6.935865170584313,44.22,58.931999999999995,-14.711999999999996,87.2,78.08,37363.9872512,False,Neutral / Other,21.345619869671648,542.5
OLECTRA,,Olectra Greentech Limited,1520.300048828125,5.094709974147185,19.670971317032375,17.307102533034335,2.84211926259536,3.1222062028255664,22.31,32.82,-10.510000000000002,97.44,78.0371926259536,12478.734336,False,Neutral / Other,9.018548843319868,1671.0
SREEL,,Sreeleathers Limited,214.9600067138672,5.896842650761049,6.357926903522778,8.7084053516416,17.198029007065823,18.381950185539793,47.98,63.826,-15.846000000000004,86.88,78.032,497.7401344,False,Neutral / Other,15.310616992186759,253.82167053222656
REFEX,,Refex Industries Limited,336.8999938964844,5.727287101699628,5.264804482484598,8.327972313982114,5.890632707517535,6.258679747280662,26.45,39.932,-13.482000000000003,85.97333333333333,77.896,4898.408448,False,Neutral / Other,28.867231005903815,473.6213684082031
JYOTICNC,,Jyoti CNC Automation Limited,737.9500122070312,5.3236261319139855,5.278550446628961,8.251430100153344,3.571885248534928,3.8150977640136685,24.43,36.83,-12.399999999999999,85.86666666666667,77.88,16782.688256,False,Neutral / Other,35.25618699825923,1139.800048828125
NATHBIOGEN,,Nath Bio-Genes (India) Limited,160.77999877929688,-6.5286879170807515,-4.348859371678111,-3.389015413834372,7.537444200798809,7.152618416594071,59.46,51.324,8.136000000000003,5.173333333333333,77.86666666666666,305.9711488,False,Neutral / Other,30.74451396802117,232.15489196777344
PIGL,Power Equipment,Power & Instrumental (Gujarat) Limited,112.30999755859376,6.525654209905403,1.500222331516748,7.412012414840602,3.9594214829113206,4.15760763525791,47.14,56.616,-9.475999999999999,83.36,77.85333333333334,237.7479168,False,Neutral / Other,37.90224638970522,180.8600006103516
AARTIPHARM,,Aarti Pharmalabs Limited,691.7999877929688,5.056945754437168,8.203646548819057,7.899861413121602,5.3170554795953855,5.694710226709959,35.49,47.77,-12.280000000000001,84.96000000000001,77.744,6271.70304,False,Neutral / Other,27.957059437828104,960.2606201171876
CARERATING,,CARE Ratings Limited,1713.300048828125,4.285107028297145,4.463147023463387,5.369006692996617,2.7024676595282098,2.817286423752951,58.63,58.362,0.2680000000000007,72.74666666666667,77.58944701365084,5150.2505984,False,Neutral / Other,10.223951530471915,1908.41552734375
KSL,,Kalyani Steels Limited,829.2999877929688,1.7920676773265298,2.1557034076308685,2.6996888907701235,2.80311501954715,2.8632429150387297,49.0,46.678,2.3220000000000027,52.42666666666666,77.46873184260293,3620.1480192,False,BUCKET A,12.653450690675564,949.4364624023438
EIHAHOTELS,,EIH Associated Hotels Limited,325.1000061035156,1.4036181891235011,4.955611332854117,7.346871240410291,4.0931398698388985,4.255617480327383,31.94,57.826,-25.886,82.88,77.432,1981.0390016,False,Neutral / Other,23.216813700994475,423.3999938964844
RBA,,Restaurant Brands Asia Limited,73.66999816894531,5.710999552461418,7.031812013851956,7.000725928317821,16.275120765574087,17.314154908178843,33.46,72.01,-38.550000000000004,81.38666666666666,77.208,5241.235456,False,Neutral / Other,14.227501813413557,85.88999938964844
DDEVPLSTIK,,Ddev Plastiks Industries Limited,273.1700134277344,7.7976439288373705,7.784884310395941,6.9660929613832785,10.855614261125481,11.624644000029154,25.26,50.012,-24.752,81.22666666666667,77.184,2826.672128,False,Neutral / Other,21.96620303841732,350.0662841796875
BERGEPAINT,,Berger Paints India Limited,550.7000122070312,9.038714091163467,7.8746351042176785,6.900899953058085,21.732885150373214,23.317235987045777,18.82,45.763999999999996,-26.943999999999996,80.85333333333334,77.128,64211.779584,False,BUCKET B,7.623770566827741,596.1490478515625
CARRARO,,,560.5499877929688,4.3077711810949575,4.589975748789575,6.588697807632145,4.035583617830966,4.246597233860053,33.14,48.788,-15.647999999999996,79.36,76.904,3186.8127232,False,BUCKET B,7.8800348737931385,608.5
ADANIENT,,Adani Enterprises Limited,3038.39990234375,0.8296276899908174,3.220539527872057,3.9978026007460263,2.1636408232232163,2.2259254403052826,57.15,36.35,20.799999999999997,63.626666666666665,76.89151351589555,416864.6918144,False,BUCKET A,0.2769344848538608,3046.837646484375
CELEBRITY,,Celebrity Fashions Limited,7.96999979019165,5.84328775728546,7.7026984794372035,5.145117023891933,3.8313535041123608,4.107057194142837,64.71,73.44800000000001,-8.738000000000014,71.62666666666667,76.58533333333332,51.4450304,False,Neutral / Other,46.11223927824071,14.789999961853027
MUKTAARTS,,Mukta Arts Limited,65.38999938964844,2.8306325408733204,0.4609050063552895,7.993394242068784,2.9010445525251907,2.9814104766502907,53.16,63.302,-10.142000000000003,85.22666666666666,76.57137124505539,147.6846208,False,Neutral / Other,27.64992102588768,90.37999725341795
WAAREEENER,,,3125.39990234375,1.9407026287621059,1.9839392661378095,3.1008775822458525,2.7962385375304115,2.856641552583563,36.04,35.682,0.357999999999997,56.00000000000001,76.5474173396402,89902.5403904,False,Neutral / Other,16.38181006690363,3737.703369140625
SURANAT&P,Power Equipment,Surana Telecom and Power Limited,19.350000381469727,2.4894133559063203,1.0971839003028452,6.02739935051905,7.863744129262526,8.077110691775973,53.3,63.352,-10.052,76.53333333333333,76.48,262.695552,False,Neutral / Other,22.75448714249014,25.049999237060547
IMAGICAA,,Imagicaaworld Entertainment Limited,44.52999877929688,-3.0270022758590973,2.203348843692335,4.751824364905842,3.5600416751418633,3.5327978423454307,33.0,41.688,-8.688000000000002,69.17333333333333,76.25066666666666,2519.7809664,False,BUCKET C,36.26735790922057,69.87000274658203
TINNARUBR,,Tinna Rubber and Infrastructure Limited,891.25,0.9857812392913574,0.5301463280972735,4.404612488794314,2.2938606371196335,2.3339611531906272,73.68,59.162,14.518000000000008,66.34666666666666,76.2434735428172,1605.6542208,False,Neutral / Other,15.27638753087586,1051.949951171875
JTLIND,,JTL Industries Limited,79.2300033569336,5.2470837429437225,2.9094759778116313,5.654094697891128,5.482369183445938,5.721919158926472,32.55,42.374,-9.824000000000005,73.97333333333333,76.21333333333332,3114.3858176,False,BUCKET B,6.5082878996305285,84.7454833984375
HCLTECH,,HCL Technologies Limited,1131.699951171875,-2.590815664589713,-2.3554830740401207,1.9917065674291623,2.7006394763370563,2.6587438540395185,54.25,47.728,6.5219999999999985,45.6,75.76598767851145,306211.6122624,False,Neutral / Other,33.3160129778949,1697.1090087890625
PRECISION,,,6.900000095367432,-2.8168987598808553,-9.210523921697064,-9.210523921697064,4.615384615384615,4.339622740532222,83.33,77.77666666666666,5.553333333333342,0.37333333333333335,75.42488888888889,109.514752,True,Neutral / Other,16.867470640907044,8.300000190734863
PGHH,,Procter & Gamble Hygiene and Health Care Limited,9274.5,2.9927817878956136,2.1758290183981495,3.1244787902373936,2.810822366858283,2.892468974775077,57.51,59.794,-2.283999999999999,56.32,75.40985136588375,30105.7081344,False,Neutral / Other,34.43961856457852,14146.5009765625
UNIPARTS,,Uniparts India Limited,674.7000122070312,3.3389473085918318,0.6564261516026624,2.2737607582903308,4.715540082352859,4.800285680187206,44.63,49.988,-5.357999999999997,48.693333333333335,75.39866666666667,3042.9755392,False,BUCKET B,0.0,674.7000122070312
JUBLFOOD,,Jubilant FoodWorks Limited,419.0,-0.9339193978076542,-1.0275200285344939,-0.08346395574612839,4.441553073935935,4.410468603501417,50.81,50.538,0.27200000000000557,23.62666666666667,75.39200000000001,27556.5641728,False,Neutral / Other,41.131767280274744,711.7590942382812
OMINFRAL,,Om Infra Limited,87.97000122070312,3.0214332468626917,2.8287528727277915,6.772668858346617,2.5104534618121,2.599392333221615,51.13,49.041999999999994,2.088000000000008,80.21333333333334,75.38790928344706,847.1845888,False,Neutral / Other,35.85387078006415,137.13999938964844
SPMLINFRA,,SPML Infra Limited,198.3000030517578,6.042782380619151,4.313517456583906,4.748827642016939,3.753410119549271,3.949082116094571,30.44,42.368,-11.928,69.12,75.368,1668.6928896,False,Neutral / Other,35.610610687484325,307.9700012207031
SAMMAANCAP,,Sammaan Capital Limited,174.60000610351562,0.11468590254078095,-2.999996609157986,0.10320372460728652,2.44059473587495,2.4038973720646064,59.35,40.452,18.898000000000003,25.653333333333332,75.36604915685811,20056.0738304,False,BUCKET A,8.071387965793575,189.92999267578125
CUBEXTUB,,Cubex Tubings Limited,87.02999877929688,0.9745867433542212,0.5545877650079573,4.7040374200127495,5.59425988274904,5.705124481378579,23.3,53.922000000000004,-30.622000000000003,68.64,75.29599999999999,124.6180352,False,Neutral / Other,32.79018064147716,129.49000549316406
MAGSON,,,160.0,1.4263074484944533,-0.06246477183202866,-0.06246477183202866,83.33333333333333,83.98362283473048,100.0,100.0,0.0,23.78666666666667,75.23466666666667,73.0049984,True,BUCKET B,5.88235294117647,170.0
UBL,,United Breweries Limited,1341.9000244140625,0.04473090017865057,0.464181587844476,-0.8423870540708414,5.312139584851142,5.310225515729977,46.85,45.42,1.4299999999999997,17.28,75.212,35480.5284864,False,Neutral / Other,34.09498573456769,2036.1121826171875
GODIGIT,,,305.95001220703125,1.5601700272302903,3.3440381091944866,1.6276447808502263,2.430418807090815,2.485403442686575,61.62,47.96,13.659999999999997,41.81333333333333,75.17436271648039,28278.5677312,False,Neutral / Other,17.832682370904745,372.3500061035156
TVSHLTD,,TVS Holdings Limited,13132.0,-1.1665537743659216,-2.1752085816448155,-1.3373403456048083,13.40064012049327,13.151358100699396,60.76,58.69199999999999,2.068000000000005,14.026666666666667,75.14933333333335,26568.7990272,False,Neutral / Other,16.05083384072407,15642.7998046875
CENTENKA,,Century Enka Limited,524.8499755859375,3.5411288036272395,4.8651299872003,4.572620436051749,5.0987059406407775,5.32691892163029,35.32,49.6,-14.280000000000001,67.62666666666667,75.144,1146.8280832,False,BUCKET B,2.742527222933881,539.6500244140625
JINDWORLD,,Jindal Worldwide Limited,32.439998626708984,6.745637638146258,7.168807849782341,8.60394280304126,2.737431993854491,2.968619934864375,15.5,30.27,-14.77,86.61333333333333,74.98975915691742,3252.4406784,False,Neutral / Other,45.38720910204726,59.400001525878906
AIROLAM,,Airo Lam Limited,86.63999938964844,-1.1410315004156817,-0.8355308847259386,0.7793394898591264,2.6561349241419943,2.6325318186768745,96.58,87.352,9.227999999999994,33.38666666666666,74.9783977322091,129.9773312,False,Neutral / Other,26.793408950830276,118.3499984741211
TIIL,,Technocraft Industries (India) Limited,2616.699951171875,4.1597007416250245,2.4148708873532287,4.3174953374433525,4.585725350829232,4.740243450170187,32.66,55.694,-23.034000000000006,65.60000000000001,74.84,5932.7909888,False,Neutral / Other,20.9833930258243,3311.582275390625
MUTHOOTCAP,,Muthoot Capital Services Limited,205.5200042724609,2.335309664216215,2.9865738558737167,5.416494252635151,2.565177469368095,2.665479186515435,54.26,53.412,0.847999999999999,73.06666666666666,74.82952493186616,338.029696,False,Neutral / Other,42.903181746733026,359.95001220703125
CORALFINAC,,Coral India Finance and Housing Limited,31.899999618530277,-2.3270062230023334,-0.8701077811999567,1.3663816795614454,3.0623209822487367,3.020960236401804,67.76,71.768,-4.007999999999996,38.666666666666664,74.79466666666667,128.564096,False,BUCKET C,36.64109421939697,50.34809112548828
ICRA,,ICRA Limited,5322.0,1.8759571209800918,3.149529993216397,3.400038857586944,18.081984193969156,18.60584584508435,56.94,65.684,-8.744,58.720000000000006,74.64533333333333,5135.5000832,False,Neutral / Other,23.337104070011204,6942.08056640625
BANSWRAS,,Banswara Syntex Limited,137.7899932861328,2.613936951701182,3.14394570205623,3.9453800723157952,3.6288415283705286,3.770265083954883,51.3,61.374,-10.074000000000005,63.36000000000001,74.504,471.68384,False,Neutral / Other,14.02865341843066,160.27432250976562
